id;account_id;company_name;social_credit_code;entity_legal_person;password;fully_address;company_contact;mobile_number;account_status;create_time;update_time
1;28722;跳 sweatshop volleyball;许多 捧 till;unibody whereas;单 搂;consequently 勇敢;furthermore so;搀;21436;2025-01-28T17:28:13;2025-01-29T03:36:52
2;18251;vice 反正 打;少;cruelty whoa including;brr 却 轻松;requirement brr 坐;大约 一齐;receptor 快 midst;23851;2025-01-28T16:23:14;2025-01-29T00:26:39
3;26811;没 热;全部 what 驾驶;since 多亏 which;gadzooks nor 摊;though;整 likewise shadowbox;gah;24839;2025-01-28T08:49:12;2025-01-28T23:06:36
4;29073;一同;where gazebo;er 抬 关闭;ick fooey;yowza mouser;拨 逐步;爬 sans;21071;2025-01-28T19:12:40;2025-01-28T23:23:21
5;2667;fishery;啃 bah 揽;as;barring finally sans;大 considering;and doubter;优秀 弹;17994;2025-01-29T03:51:25;2025-01-29T00:10:00
6;26615;一同;with 极其;whenever yet;播 坚固;敲 however 总共;outset of pish;along via so;19024;2025-01-28T19:27:17;2025-01-28T23:27:21
7;32516;苦 how;given 极其;instead;instructor;giant however 逐渐;熟练 mouser uh-huh;at;31397;2025-01-28T18:54:43;2025-01-28T19:16:26
8;7515;多 yum;to;持 past;where 硬 大;苦;yet whenever archaeology;why;23072;2025-01-29T06:11:39;2025-01-28T09:32:14
9;22897;beyond;psst;多亏 zowie;finer yum after;mountain plus;till 优秀;好些 onto;29973;2025-01-29T07:15:34;2025-01-29T07:37:45
10;21250;逐渐;since brr 挖;搂 whose;oof like;干脆 because 极其;where;someplace yippee;15573;2025-01-28T15:35:41;2025-01-29T07:44:09
