#File,SHA-1
.postcssrc.js,fa8ad9ae4799a6df65b189ca8d8fbdc54ff44a02
package-lock.json,7f58e9192d2fe89de2d4426fb2124b7b16f2d359
package.json,d867b47541a8b59d67ff563dfbf2a7d81218bf04
src/main/webapp/404.html,cf4d16b74c6dd772a1312e4f54acfb0a607973e4
src/main/webapp/WEB-INF/web.xml,f3577fd846ec450b1c1687c78d076c2b99e075c2
src/main/webapp/app/account/account.service.spec.ts,a43325e0d3b44883db1c0079426f3f8de34114ae
src/main/webapp/app/account/account.service.ts,97cfc1f98dc33f4e3df13ef4af2a1dad729d9323
src/main/webapp/app/account/activate/activate.component.spec.ts,15afe1937364fd23bcfa67f5a658289d4b31e77f
src/main/webapp/app/account/activate/activate.component.ts,b1c4748ec0969eebe571e8eb5f44078176769d35
src/main/webapp/app/account/activate/activate.service.ts,b8a83eb5e9398478e34700fcc6e30c7f07cd374c
src/main/webapp/app/account/activate/activate.vue,97734d655a80066f6d0119aef60d44078617bf4c
src/main/webapp/app/account/change-password/change-password.component.spec.ts,33943efdbf9824dfa65a3f843ee9ec6b5f231760
src/main/webapp/app/account/change-password/change-password.component.ts,3b60cb2c2ead68ad4e3b32593ad6f5006fe94c78
src/main/webapp/app/account/change-password/change-password.vue,64f1d9ba1c56d5c5c5563b9350c754ccf2a44344
src/main/webapp/app/account/login-form/login-form.component.spec.ts,ecd25c96cd664cf3e3007ccb5c7935561489ee5a
src/main/webapp/app/account/login-form/login-form.component.ts,735c8349387d70d75f5ce9726ab069bd9c9666c1
src/main/webapp/app/account/login-form/login-form.vue,2bd2cf0606d1ee12f4b4560c82b50b361ea31c0f
src/main/webapp/app/account/login.service.ts,5c704e9434c148e51053c3f81f58372dbdbbc5a3
src/main/webapp/app/account/register/register.component.spec.ts,6c0034397693626041acdc1340ff47dcd0862c40
src/main/webapp/app/account/register/register.component.ts,983b45a0de05d96aed698f68de0f17c0305dd438
src/main/webapp/app/account/register/register.service.ts,f543d1aa9b3e1a8c4242e6c7d473e9a589cd81a6
src/main/webapp/app/account/register/register.vue,c2e0fe43f53e6d32f4bffb9c8851ba86ef67baa5
src/main/webapp/app/account/reset-password/finish/reset-password-finish.component.spec.ts,11fb3d5a117d0e5232e130e4f267f35382c01258
src/main/webapp/app/account/reset-password/finish/reset-password-finish.component.ts,0aefafe3d6cbc7a77a0363e6c4262389c6f7e735
src/main/webapp/app/account/reset-password/finish/reset-password-finish.vue,1763f1dc8f1f5b1bdf0a361cf967264f900251c4
src/main/webapp/app/account/reset-password/init/reset-password-init.component.spec.ts,10f9340f398b401c86aa6cd96f7892e0b5f729f9
src/main/webapp/app/account/reset-password/init/reset-password-init.component.ts,7bb3a649276a8e3e4f988ac8b8f548b3bae26baa
src/main/webapp/app/account/reset-password/init/reset-password-init.vue,898510858ad74c96bc53072fd1f5625904afdad0
src/main/webapp/app/account/settings/settings.component.spec.ts,df6f07c38b6e0be47c25e864df358c545a469b8d
src/main/webapp/app/account/settings/settings.component.ts,ebb54fbd2f410faa0c3e11c5a04caf7527f57af7
src/main/webapp/app/account/settings/settings.vue,329f93637bf2924ea01bc533143e429b5cb6a626
src/main/webapp/app/admin/configuration/configuration.component.spec.ts,d6326593131a1b6ae4903226b4128ccb31c772b3
src/main/webapp/app/admin/configuration/configuration.component.ts,0dbb2a49eb6d2bbde29e5288f4d2222585528150
src/main/webapp/app/admin/configuration/configuration.service.ts,cae9881511ad8c920438904a1080b8dbe2d6c5a8
src/main/webapp/app/admin/configuration/configuration.vue,4f13be4d240eb1ab7ba5a59fa083a1fb359ccf19
src/main/webapp/app/admin/docs/docs.component.ts,834b6cc549361d20851928fb5f5702fbe9366c81
src/main/webapp/app/admin/docs/docs.vue,5459b2ee739e57041e85c33bf23554a425a519f7
src/main/webapp/app/admin/health/health-modal.component.spec.ts,e1e16f847778c2cc71da4d038cdba5038f1fb17b
src/main/webapp/app/admin/health/health-modal.component.ts,df0025e32e7badc08fd69c55f7f26c6f6a441d47
src/main/webapp/app/admin/health/health-modal.vue,a103fbfa16fd52144da2b58bda8c5f6116604f9b
src/main/webapp/app/admin/health/health.component.spec.ts,2cf641044391175c732c64974f109ed5260fdeed
src/main/webapp/app/admin/health/health.component.ts,15a4168441119aaf74d36c6f4d26ce6eae699607
src/main/webapp/app/admin/health/health.service.spec.ts,7858bbe1e1fb8a4db0dd26b3914ecb2c50841dac
src/main/webapp/app/admin/health/health.service.ts,b15be8ae12827372a7fabe0db716dab86b566f2a
src/main/webapp/app/admin/health/health.vue,1b7423a8eba5f500ac95462aaeb1934615380b23
src/main/webapp/app/admin/logs/logs.component.spec.ts,5733260c0f3f3c52a66d0947c04920bbcb51aec9
src/main/webapp/app/admin/logs/logs.component.ts,e6605c81500be7d7220deaed6113d18face360f1
src/main/webapp/app/admin/logs/logs.service.ts,a3c09ca01dae6e679988c385701a88d73f8d23e8
src/main/webapp/app/admin/logs/logs.vue,7e9d584c949e4f83891b8e1869c511d47b38b32e
src/main/webapp/app/admin/metrics/metrics-modal.component.spec.ts,2be844882a38ccf3b4c4ac87b667f4f14d4889b3
src/main/webapp/app/admin/metrics/metrics-modal.component.ts,25dac51432774dd0f5f9087dbd8b0712b94a0d96
src/main/webapp/app/admin/metrics/metrics-modal.vue,371260fe83d5d56fd100ec73c0617846e1bc55a7
src/main/webapp/app/admin/metrics/metrics.component.spec.ts,020f9decb63a17ca213ef60a17d162dd51de40c9
src/main/webapp/app/admin/metrics/metrics.component.ts,2f3cf7c8b3510406da219fb8808d78dff35066a0
src/main/webapp/app/admin/metrics/metrics.service.ts,96ad28d3df2deed6b64a57a51c47499d6a1768dc
src/main/webapp/app/admin/metrics/metrics.vue,66fa746dc49fce3705ee6abe0b2608bacb3becd2
src/main/webapp/app/admin/user-management/user-management-edit.component.spec.ts,03de29b095a4e412e1d77420f74566b6d8b2278d
src/main/webapp/app/admin/user-management/user-management-edit.component.ts,f67155bdf897af935be84d922d018f22a01d22e3
src/main/webapp/app/admin/user-management/user-management-edit.vue,eb137dfd54bb9e46b91ea4b21547ada6ed4e4d41
src/main/webapp/app/admin/user-management/user-management-view.component.spec.ts,195221d08d676b85be8c7b8093600d3143604169
src/main/webapp/app/admin/user-management/user-management-view.component.ts,910a1a3a745cd1b00e636b55d4105930ec497d15
src/main/webapp/app/admin/user-management/user-management-view.vue,0bf916877e792a62c6d920f697434dbe1af62e3e
src/main/webapp/app/admin/user-management/user-management.component.spec.ts,cb24c622ecfa2d7a6834119ad4c21d74cc0924f5
src/main/webapp/app/admin/user-management/user-management.component.ts,34b63ce6bcc409847256b2c42258776dd72ac35b
src/main/webapp/app/admin/user-management/user-management.service.ts,96ee7df163c014abb03745dc882cc5cd4d8415db
src/main/webapp/app/admin/user-management/user-management.vue,592d6d70dfffe3d539d6b7705ea2999452aff99b
src/main/webapp/app/app.component.ts,f2266c4348ea1387a3fdcdacae361c3a4e913222
src/main/webapp/app/app.vue,9852d1368a5bd873642b06261948ee7e37f59dfc
src/main/webapp/app/constants.ts,07579595bd2d4b523e8bcc48169e1e08b7ea455c
src/main/webapp/app/core/basicinfo/basicinfo.component.spec.ts,2c54d4a00e0fcc0107eb3419bc0e791b904d3426
src/main/webapp/app/core/basicinfo/basicinfo.component.ts,51c249b824375d7fe1dc84a893f832a354196e65
src/main/webapp/app/core/basicinfo/basicinfo.vue,886602219f6f1ad00190e6270639b4163c48073e
src/main/webapp/app/core/costs/costs.component.spec.ts,223785d9758904952b44598710b656a7a2fa356f
src/main/webapp/app/core/costs/costs.component.ts,24f7740405d96222c639aaabf98e88e05dbf2230
src/main/webapp/app/core/costs/costs.vue,c342c24e7290b942ce18bcf7395e9c985591afd9
src/main/webapp/app/core/entrance/entrance.component.spec.ts,10be384d296f037855b862da8121fc6a73906275
src/main/webapp/app/core/entrance/entrance.component.ts,5c73796b41763c9908431b0b9f85a4d9df874270
src/main/webapp/app/core/entrance/entrance.vue,6a4b118170e1f808a5c33c092807d7714a4aec11
src/main/webapp/app/core/error/error.component.spec.ts,f03ff1b69f4d1bb6678267664f241bae78719449
src/main/webapp/app/core/error/error.component.ts,dd323c9ce62b1ae1106cd2e923be13020078c8b9
src/main/webapp/app/core/error/error.vue,f58f3b7b530a776c910094b3f1de3f06b6255bb7
src/main/webapp/app/core/export/export.component.spec.ts,acd355aef52b75d5d8713db653ff88b16f84e149
src/main/webapp/app/core/export/export.component.ts,c46518590b98eb3b5ea16a7b807aab564f94f73f
src/main/webapp/app/core/export/export.vue,18908aa968eff46b6765d48e26822e40d69b5a89
src/main/webapp/app/core/forget-pwd/forget-pwd.component.spec.ts,831085ea3daac5c021a69d541c98e2707acfeded
src/main/webapp/app/core/forget-pwd/forget-pwd.component.ts,660e77b960a603fd79a52d909628f4ba05bc0978
src/main/webapp/app/core/forget-pwd/forget-pwd.vue,dbbde9629dca30e6718cabc776c5fbf892464bcc
src/main/webapp/app/core/hightech/hightech.component.spec.ts,3a0ca1a63123f31ce6fd98c067d6c83734626aae
src/main/webapp/app/core/hightech/hightech.component.ts,70ab729cfd6877c7439ed8cb1aa1107eb37e7964
src/main/webapp/app/core/hightech/hightech.vue,a12ee9e5ccb8164b032060478140687a38a92fdc
src/main/webapp/app/core/home/home.component.spec.ts,10be384d296f037855b862da8121fc6a73906275
src/main/webapp/app/core/home/home.component.ts,b992b40767d9e9e20f7331b2053aec82010f9d99
src/main/webapp/app/core/home/home.vue,127eeb2f471d12560d869327ff7a2e5a1e0e58b5
src/main/webapp/app/core/jhi-footer/jhi-footer.component.ts,208140bf9310de97db5395107cf6f83be6a5f682
src/main/webapp/app/core/jhi-footer/jhi-footer.vue,bed4dd10e870b2910538f06b124dd406e4e32f43
src/main/webapp/app/core/jhi-navbar/jhi-navbar.component.spec.ts,17d58b987c2cc875df743501f5875005143654d9
src/main/webapp/app/core/jhi-navbar/jhi-navbar.component.ts,26e1efc860a30071bfcc6ce5bce65434384b1aba
src/main/webapp/app/core/jhi-navbar/jhi-navbar.vue,e18b0cc70472c54c44aa0d9f06dab8ebf8f86dd5
src/main/webapp/app/core/login/login.component.spec.ts,10be384d296f037855b862da8121fc6a73906275
src/main/webapp/app/core/login/login.component.ts,80d8d68c6c2771718dccf039264232eee50c6fdd
src/main/webapp/app/core/login/login.vue,4503a580bc382e18f2087db47f385369043e9e08
src/main/webapp/app/core/main-navbar/main-navbar.component.spec.ts,dcf09ff1b7a0c3ff61a46bb5995e92b1484e721f
src/main/webapp/app/core/main-navbar/main-navbar.component.ts,4a861d4f73271ac9897102577712bd0c20a1f3b7
src/main/webapp/app/core/main-navbar/main-navbar.vue,8f96f192865c107ad7c1c5e959525271954e1a0f
src/main/webapp/app/core/manage/manage.component.spec.ts,40d1adcd8589eeeee6233846588eecaa590561a8
src/main/webapp/app/core/manage/manage.component.ts,3badb48f93753ecf7edcf36a295761fa38cdc50f
src/main/webapp/app/core/manage/manage.vue,75fd7097f51350cbc89468ad17ef61067201c566
src/main/webapp/app/core/project/project.component.spec.ts,79058a0324ef92b3f715f35c4b87bfc4c36e9aaf
src/main/webapp/app/core/project/project.component.ts,21afdf69e334d63fc8463be6b7a9912cb82d47cb
src/main/webapp/app/core/project/project.vue,ae08fbc08f9ade35d5f0dcf6da40b6681137e6e4
src/main/webapp/app/core/register/register.component.spec.ts,eb930c528ba8f55339717ba47e29ea67d36216c6
src/main/webapp/app/core/register/register.component.ts,a8b887cb8632bd2d0d50a039462ca941b0abc3ad
src/main/webapp/app/core/register/register.vue,6f5179d52211cc7de5f3866cfbb12825b27cd766
src/main/webapp/app/core/results/results.component.spec.ts,4efb8f648d6666c31769ac8a7bda6e43d9596c54
src/main/webapp/app/core/results/results.component.ts,9cd857c1703745daaa110d86f0904298b0ec6263
src/main/webapp/app/core/results/results.vue,260ea90bf8f75c4e46be016f764861142003fa90
src/main/webapp/app/core/ribbon/ribbon.component.spec.ts,fab0e246557bc0355d00730e6c406142687c0c67
src/main/webapp/app/core/ribbon/ribbon.component.ts,c6db827597055ddcf70efd3a35295073a3d64e3a
src/main/webapp/app/core/ribbon/ribbon.vue,8e3f2eaba65bf467e5616c2b9321ec3ad664c6dc
src/main/webapp/app/core/todo/todo.component.spec.ts,e5516c87f74e190376f8308885e51bc290dcffae
src/main/webapp/app/core/todo/todo.component.ts,61b92c70ca0a36397c0ca181bc53a134881d853e
src/main/webapp/app/core/todo/todo.vue,eca0af9f034ed7179cc9c95a88be0773e2050b6e
src/main/webapp/app/core/top-navbar/top-navbar.component.spec.ts,77e8fe24bea664633e076cea60bf6a483ca31e11
src/main/webapp/app/core/top-navbar/top-navbar.component.ts,95365ae548cbd7ac12113dc00d60805777155fb4
src/main/webapp/app/core/top-navbar/top-navbar.vue,3d984fe00d2bacfe0f5007799ddaed629fac9a19
src/main/webapp/app/declarations.d.ts,f8198dd585531e7d3f2213dc5c961c00e3da3e2a
src/main/webapp/app/entities/account-info/account-info-details.component.spec.ts,a1821fc20b624a8e02c40303c037ee5d02fcd7c5
src/main/webapp/app/entities/account-info/account-info-details.component.ts,8edb2ee5acb774c4b6a0dd60c920054f40218004
src/main/webapp/app/entities/account-info/account-info-details.vue,0fc8fe4423568052bc393edc883e714c01b80728
src/main/webapp/app/entities/account-info/account-info-update.component.spec.ts,272e64f87610f5d2b159d002ccca58f823f3c317
src/main/webapp/app/entities/account-info/account-info-update.component.ts,edb6506fcddceae1fdf34573057224d232503903
src/main/webapp/app/entities/account-info/account-info-update.vue,d0db080dc9a38133e4c339d98a02cd8628f80dd1
src/main/webapp/app/entities/account-info/account-info.component.spec.ts,0cabaeec4daabde0ebb1836b95b3501751dc0358
src/main/webapp/app/entities/account-info/account-info.component.ts,d65d28957dfcd48242c34a57345e29b85fcb5844
src/main/webapp/app/entities/account-info/account-info.service.spec.ts,abaee9e965771f581a5730ddc85b3373f6518d8a
src/main/webapp/app/entities/account-info/account-info.service.ts,56a2ff686d2ccd3262e2a7166f9dc471b2cd891d
src/main/webapp/app/entities/account-info/account-info.vue,0db2ae6d692f48eaab17c9929370023856c51c85
src/main/webapp/app/entities/entities-menu.component.ts,1152375694f151aa519b7459dc19f8240297148f
src/main/webapp/app/entities/entities-menu.vue,867d4b436f5b73cf794bc4b52f357096918afae4
src/main/webapp/app/entities/entities.component.ts,1f5845d78a6797c24c12a62eee3b3839c02f03f5
src/main/webapp/app/entities/entities.vue,44b6ce434fb0f921c641d3d11b67cc05afba3984
src/main/webapp/app/entities/user/user.service.ts,1beb926ebe3080d9956febb82ae554b2cb39f91c
src/main/webapp/app/locale/translation.service.ts,a765e5d8fe10837718ae6fa66f9c65695a27c7bb
src/main/webapp/app/main.ts,03936aff89c4abc0fc7c8aa79b9ddda123caf6f4
src/main/webapp/app/router/account.ts,1f2c47d2ef9067578fa9c435978f9a68016adfc0
src/main/webapp/app/router/admin.ts,e16773c9f3f1c88ff1fe20a58299aeacc5d9d9ad
src/main/webapp/app/router/entities.ts,8396628c23f4c18816c78db866eab7092de9a5cc
src/main/webapp/app/router/index.ts,0a000a4a82854f9d5660ad70cc74dee80d601e36
src/main/webapp/app/router/pages.ts,2ab9031e071b98ecf193c3d6c25b4db1b2f78835
src/main/webapp/app/shared/alert/alert.service.spec.ts,441843201da3b63cfd6b67c437dfabb0cd17d126
src/main/webapp/app/shared/alert/alert.service.ts,7cad14c649dd34cd6dedd2949b9dcc87fbde9d43
src/main/webapp/app/shared/composables/date-format.ts,4a91f2533ca411395d96313f3c9e2f7dfe1d46be
src/main/webapp/app/shared/composables/index.ts,52ece04db779fe9b5f84366a85f038dbb8dac29d
src/main/webapp/app/shared/composables/validation.ts,6d90c41fac8dfda86696ec07abd345530a0d7016
src/main/webapp/app/shared/computables/arrays.ts,39bd1f800827d81627d966e117a3b9fad707db89
src/main/webapp/app/shared/computables/index.ts,c90e25687bd51160e454155242715881a01b5552
src/main/webapp/app/shared/config/axios-interceptor.spec.ts,1e4cbe91b29912fe6055cc571c1eac274cc7c72b
src/main/webapp/app/shared/config/axios-interceptor.ts,0379ad8b039e5b4181d133ad8430d9fa9aa70bdc
src/main/webapp/app/shared/config/config-bootstrap-vue.ts,758a20773de85ef431042cb9bb586a4b25e93c0e
src/main/webapp/app/shared/config/config.ts,9fb53a430d855672c58fe9d72dddd57c844559a0
src/main/webapp/app/shared/config/dayjs.ts,61e990f8fde257b91261d96050a7cee50ecdb05d
src/main/webapp/app/shared/config/languages.ts,25efbe19e39c9708d292b408d7061b2c1dcbdedc
src/main/webapp/app/shared/config/store/account-store.ts,cab1c078b511e6127e363755e91067aee4030e64
src/main/webapp/app/shared/config/store/translation-store.ts,2193f0acb0c6008843817eb4673a64ebadddf9a0
src/main/webapp/app/shared/data/data-utils.service.spec.ts,2856761d322bcd5a2a8bb2d620a52bb3b635de00
src/main/webapp/app/shared/data/data-utils.service.ts,98e9812004b6165fda887ef79c2166f9176d6c0a
src/main/webapp/app/shared/jhi-item-count.component.ts,769672ecfb9390470492aa304d0c84002ba5ec58
src/main/webapp/app/shared/jhi-item-count.vue,5ba582b4c803b554af6be7cdf8a431da3c3bf150
src/main/webapp/app/shared/model/account-info.model.ts,fe2a0e82a164c9e77d671e98d3319a7317d0b77b
src/main/webapp/app/shared/model/user.model.ts,3ad4f7a8ea5e3185b2cef100f5242e532eb41a09
src/main/webapp/app/shared/security/authority.ts,baae31fd7ebccaeddf9a9514e7f83e2315beb1e1
src/main/webapp/app/shared/sort/jhi-sort-indicator.component.ts,3ace3aa1ba3e8c64eaf71a6f888659a1de1d5f51
src/main/webapp/app/shared/sort/jhi-sort-indicator.vue,d8e418a704849f864152ab475fc9b3be72af3b1b
src/main/webapp/app/shared/sort/sorts.spec.ts,911af18afcae485957a2c7b0e8b83c6c1785dae3
src/main/webapp/app/shared/sort/sorts.ts,65f1eeb17ee0486af8a73673622745944366f3bb
src/main/webapp/app/shims-vue.d.ts,16f3a0cc1dc8534bba74f8bfa0a8e590d734a41f
src/main/webapp/app/store.ts,82bbe699dccc8f2cc5fd467217f57da941fd4742
src/main/webapp/app/test-setup.ts,3b4711501709a503f21baf476ee54282a0d0489a
src/main/webapp/content/css/chunk-72f59dd9.efe5000c.css,5ddf37a305d0f5993110a8391aec43c09457defd
src/main/webapp/content/css/loading.css,3ab1823dee0fef70192fbc9d5341dde0020a77a1
src/main/webapp/content/images/avatar.73e91683.png,5247dd3ee08d65352aca19d637b439438896ee7d
src/main/webapp/content/images/bg1.png,c317efc21773e6737e322155f61db3ee97f237db
src/main/webapp/content/images/bg2.png,86830395e2b2b202ae21206ddc5be4094f365959
src/main/webapp/content/images/bg3.png,3eb0fed9fbeafffbae1c356059f432799ac18a08
src/main/webapp/content/images/bg4.png,fa331bf7530c07eec3fdc20ca8ba574f1818b027
src/main/webapp/content/images/captcha.png,8a21dc85813aefd7e590c86ef3ce97a128014d6e
src/main/webapp/content/images/data.png,d41f01831f3ab354b833f448a2a3d7d6af803005
src/main/webapp/content/images/echart1.png,fa93f031b9d567be1d5a4f374f69a28ea4acd23d
src/main/webapp/content/images/echart2.png,0ed8bfcfeacd7d3ac41ec7d9f5db911f0d47ed26
src/main/webapp/content/images/echart3.png,84da1c6845ffb52cc5415beff5f559629a2864d5
src/main/webapp/content/images/echart4.png,0374b80b88fd8111ea80f4eabdb6b6f47666697a
src/main/webapp/content/images/enterprise_bg.png,767570602ab213e478974a06c5beb432492e03ac
src/main/webapp/content/images/entrance_header.jpg,3ea48ff5c88bd49c7b156c640a5531d5dc1fcea4
src/main/webapp/content/images/login-bg.jpg,a0838b39fd94a805deb02eedb724c8b403eb8002
src/main/webapp/content/images/logo-jhipster.png,9fd6e8f65e245b17a0fc3daac25008ee600cc202
src/main/webapp/content/images/logo1.jpg,8301a3cd232fb16be42921479469f7d318b2a420
src/main/webapp/content/images/logo2.png,dd034b6b94b042446e7a6e7971256fdc270fb48d
src/main/webapp/content/images/logo3.png,624064586f0bbab6ca425dd88b56535ab5838d6e
src/main/webapp/content/images/noData.f90cf818.png,944c1b2ee594f6ed5c13089cf854a95c8b777f11
src/main/webapp/content/images/num1.png,d41f01831f3ab354b833f448a2a3d7d6af803005
src/main/webapp/content/images/num2.png,321ee04ea2a368f68e9a4d1a17cada7ceb71f49e
src/main/webapp/content/images/num3.png,6a487d43d185b492f3604c4021e6536d13755804
src/main/webapp/content/images/num4.png,08f9e7a324e93acef3debbd75fd02f7b72f4ca11
src/main/webapp/content/images/num5.png,fe9dcf7c1c685e46fb7219c6fcb939fafbfdfb28
src/main/webapp/content/images/register_header.jpg,8218208a2c3d9dfa1a34c64b9c0bfcc7eb605627
src/main/webapp/content/images/s2-1.png,d13e41bf0502e21a2a58a1cad67656490566f6b8
src/main/webapp/content/images/s2-2.png,98f0b82aea50f3b895336381057019f50238225d
src/main/webapp/content/images/s2-3.png,718282e7eac5d62777411005f242b116ac68f041
src/main/webapp/content/images/s2-4.png,c95981b8703c39e77bd5dc03a83b925497ab6e89
src/main/webapp/content/images/s3-0.png,61382b5baf2ad35c83f1ca9cd90e7825b638041c
src/main/webapp/content/images/s3-1.png,fc85ae0d2f922baf666b0c1019bf553236452630
src/main/webapp/content/images/s3-2.png,9480453acd34a46b781e2b2e3fd20cf296901314
src/main/webapp/content/images/s3-3.png,3e07bf3bea311946b48d4467c0ab75861f33cb59
src/main/webapp/content/images/s3-4.png,a23a7428b99eed2e22d008f7488cfb92676e30a4
src/main/webapp/content/images/s3-5.png,8b70a13ac30d82cc894931986ddaf2d6ba49a05a
src/main/webapp/content/scss/_bootstrap-variables.scss,53159d188af100c23c62a3b5f789c0d7e800de71
src/main/webapp/content/scss/global.scss,d510ac8992e204b04c2672bdf0edc58981df76c4
src/main/webapp/content/scss/vendor.scss,15f380850118b6c304d2cd7868306dd6ea4fa803
src/main/webapp/content/static/images/loading.gif,af5ee3f6381223faef98c0dc5ebd0b75cf87ce12
src/main/webapp/content/static/js/base-loading.js,433254dce9badee6b6ffe6574268c1acea0e5042
src/main/webapp/favicon.ico,6057923fd768ab6ce1121777c1dfe186d20bf31c
src/main/webapp/i18n/zh-cn/accountInfo.json,e2f49a808b4189f4799993997c857e4a483b8a52
src/main/webapp/i18n/zh-cn/activate.json,ee6d5fb9233d38457d00760d238e88b066359edd
src/main/webapp/i18n/zh-cn/configuration.json,4e8c8d9bf58398e91dfa040f6200bcbf88e5cc0c
src/main/webapp/i18n/zh-cn/error.json,0e7d92af4d31da752d18d6046d5a6d80262d4cf6
src/main/webapp/i18n/zh-cn/global.json,421f84d8895024b725a1f8c48640f08e837a77c5
src/main/webapp/i18n/zh-cn/health.json,fe89950674be3f3c58a2ce70929db738094377bb
src/main/webapp/i18n/zh-cn/home.json,8a9a537d447407396e920dd2b7505def70fce4db
src/main/webapp/i18n/zh-cn/login.json,cbfd107a62277cf21672a7736622241f013697c7
src/main/webapp/i18n/zh-cn/logs.json,4f825b4cc5f540630c803ce4d09d5b74c3bb7fb5
src/main/webapp/i18n/zh-cn/metrics.json,a8770446efc36162f568f20d6fd55559152afcca
src/main/webapp/i18n/zh-cn/password.json,281beb2aa5dd1b97c276ce947c43476ebb66d5f7
src/main/webapp/i18n/zh-cn/register.json,94e65524293d6508f2795cb0f7c66f6bac7ff233
src/main/webapp/i18n/zh-cn/reset.json,5224c9a3eff9e11f4fc45c868a1c648365d03e34
src/main/webapp/i18n/zh-cn/sessions.json,24be916fcf6d81ef60f07e1d640888b7170a116b
src/main/webapp/i18n/zh-cn/settings.json,7854b7e406ada5ca6084e7282bc01178e7d040b9
src/main/webapp/i18n/zh-cn/user-management.json,b15f38f280ccfa2b18861be21644a662a4265692
src/main/webapp/i18n/zh-cn/zh-cn.js,2d5c42e730cc35566a2ed0dc9e1b8b374ddf50ca
src/main/webapp/index.html,e750888476d39fcbcc96f04e124ceadbe4655875
src/main/webapp/manifest.webapp,ef08d48b40ccaf4cc4975a11024df47c905572e8
src/main/webapp/robots.txt,85dff18c84fe266335d06b070f89d291c46290e3
src/main/webapp/swagger-ui/dist/images/throbber.gif,4defd79f66e824ab7a3dc0e179904cc71a363439
src/main/webapp/swagger-ui/index.html,d039fd84b633ab0627442cc1714df25cd29588bc
target/classes/static/assets/account-info-MfmXb9xY.js,2b3dc0372332c2fdde848f1af89db974e882efce
target/classes/static/assets/account-info-details-DklCaxZm.js,a0fb33fc47dce2da1d4b72747ab31c6e9d2c535a
target/classes/static/assets/account-info-update-CoLZkbWJ.js,e6c14e638591fcd71a634325d40c9f7e3a5c9799
target/classes/static/assets/account-info.service-DllBWfrL.js,ad24d1dd9f1d616b54a7f96025826ffaea6498d9
target/classes/static/assets/activate-Bm4AsMh4.js,4447c739d762125f278ce59b8fb5e13b31a69647
target/classes/static/assets/alert.service-B_Xn3uRW.js,018e56047009fb37baa7815f3d9fcc9da31bc6cc
target/classes/static/assets/app-Bdzaycfe.css,e8e9031854acd806958c949739174ffe02ead93f
target/classes/static/assets/app-sWctXk48.js,21268cfe8cf8d489352acc8779d4e7f5a6510dd8
target/classes/static/assets/arrays-BBQyuUUU.js,b24274695ce179500af7d85500aa946b3e6b7a9d
target/classes/static/assets/basicinfo-D4OHx6JK.css,b4293103441a3f72ecd7a32760b899777ddfc095
target/classes/static/assets/basicinfo-DdosTauX.js,c126023b631e93855a7f6e3e62e5580c077a0ed8
target/classes/static/assets/bg2-DXU3dcuw.png,86830395e2b2b202ae21206ddc5be4094f365959
target/classes/static/assets/bg3-C60oSTle.png,3eb0fed9fbeafffbae1c356059f432799ac18a08
target/classes/static/assets/captcha-CtEj_c_8.png,8a21dc85813aefd7e590c86ef3ce97a128014d6e
target/classes/static/assets/change-password-DjuJNlYX.js,b5a0d18adfe47f32746ca4bf23283269a608e387
target/classes/static/assets/configuration-BKosRW5B.js,0518be61c13300b024fed7db5a572b5585685cbd
target/classes/static/assets/constants-DfqkunPD.js,ef3d81798865a733d220582fd259b69bfeb3d71e
target/classes/static/assets/costs-BULiGHVP.css,743312e744976deea9952213069ebb690798c6bb
target/classes/static/assets/costs-pMog3HvL.js,1098939c8a9b9390bfed18e89eac1c2631270193
target/classes/static/assets/date-format-BkV2akP9.js,98d59f6c14cf0b8db4fa4d6c55942236d7a00f41
target/classes/static/assets/docs-CXEt10sS.js,41501ee5968c2c48edaf7ea2167c801e29c0b1f0
target/classes/static/assets/element-china-area-data-BVDNhPol.js,440d1d18c16840ef83ead82b653a0499dd7df3d0
target/classes/static/assets/entities-BVuLd9vh.js,0fcc52e266da9d377435361fbccfc106a198427e
target/classes/static/assets/entrance-BUfBoyFO.css,f4277da16ee2083c04bfc2c8a06fc9f88c128153
target/classes/static/assets/entrance-Di2793zX.js,98a466e9aa9bbef8cbcad0001dbf564d3e512c37
target/classes/static/assets/error-hFDR08eS.js,465f5096c0bfbbc073d0d9d486152cd3080646a4
target/classes/static/assets/export-BLPZGzT0.js,aaf528bc1a7f24b2e30916fc5217a6cc2906c360
target/classes/static/assets/export-aiTMN9-X.css,a89413e7a790ba042153360e9011506c0a93adf9
target/classes/static/assets/favicon-DssFjAfq.ico,6057923fd768ab6ce1121777c1dfe186d20bf31c
target/classes/static/assets/forget-pwd-BwhyQIQK.css,0063015ada3a9309ea5b02fdc20a4d8047925a18
target/classes/static/assets/forget-pwd-DyNIXPjO.js,ca1f7f488640910e904398e1a577dc10c716aec5
target/classes/static/assets/health-Cbbo1aVY.js,169088af3e26006eed1a925f9724413392f3aadc
target/classes/static/assets/hightech-BIM5qHbd.css,ed752f65e506b2d9944ffa67e74522f74da8513b
target/classes/static/assets/hightech-CYc4W9yc.js,8dddac9e233baf676b326efa73093dc9414d8759
target/classes/static/assets/home-BQxgOch6.js,25c9ffedbb5d96af9c27f4203c78430a660687ba
target/classes/static/assets/home-CCwf8SHa.css,3ceb67e783a4c98af1965e68a557a6d2e7e4f3bf
target/classes/static/assets/index-BbpDxnmj.js,ea5f756b347adc351650edc3b2db4a7945809efe
target/classes/static/assets/index-DPq3GusL.js,558dc161f24acff2bdd57000e8424ca674d14410
target/classes/static/assets/loading-BUlsSCsM.gif,af5ee3f6381223faef98c0dc5ebd0b75cf87ce12
target/classes/static/assets/login-8ZsMw04Z.js,343d6d7faefcc2a7025d14e6d02d2ce418c44a61
target/classes/static/assets/login-DFvqOcLK.css,82cf5fd05f8e7b24f6c35b0f8267cfef35d0f4b4
target/classes/static/assets/login-bg-CrXR3b6r.jpg,a0838b39fd94a805deb02eedb724c8b403eb8002
target/classes/static/assets/logo-jhipster-6QeOsJOb.png,9fd6e8f65e245b17a0fc3daac25008ee600cc202
target/classes/static/assets/logo2-BqTvL16f.png,dd034b6b94b042446e7a6e7971256fdc270fb48d
target/classes/static/assets/logs-CwYpS-xg.js,8cb3b52d8c399eeb2b051d2b1e203bac12a1c6ed
target/classes/static/assets/manage-CDNRIyur.css,5d39699e602846cf36778dce21b74b6a4c03e142
target/classes/static/assets/manage-CtoSHB48.js,373e904a42e8becfd0d79bfb5b9e68f056106082
target/classes/static/assets/manifest-BvIAIXAE.webapp,ef08d48b40ccaf4cc4975a11024df47c905572e8
target/classes/static/assets/metrics-vKgOVFkn.js,f25a0c7f8ba50f34eed59f986a3ecc8bfac35bfd
target/classes/static/assets/project-BAwH16fk.css,4b4e9cbf86f607cd928824a1e20287a60c4679ee
target/classes/static/assets/project-CHDHEzBq.js,16ec8f49f4e58372badab0661873d08e4888af7c
target/classes/static/assets/register-BNi9X9Zc.js,9f16e73e997fa9d7111913b569df82ef2ccbe12e
target/classes/static/assets/register-E8CuBDBf.js,7eb3cb53aaf2f7925b33eb6fc9cbd09a8c34ee2b
target/classes/static/assets/register-nBsJ_hhg.css,e0412f4f4e34b49af3e6ba287dd6e1f15fabe766
target/classes/static/assets/reset-password-finish-CPWLi2l0.js,85da0ba9c8ac349803cdf703793d7d5108d72941
target/classes/static/assets/reset-password-init-NVHew0D1.js,9517ef55210576362063ec8476fb5324f057c979
target/classes/static/assets/results-DaKXRqIL.css,a76009805169040e3170518c391dbc7fee9866c5
target/classes/static/assets/results-IM0AKTOS.js,a205b31afbcc81567620b044d23019131016a191
target/classes/static/assets/s2-1-C_ITAw1L.png,d13e41bf0502e21a2a58a1cad67656490566f6b8
target/classes/static/assets/s2-2-Bp0eLvgo.png,98f0b82aea50f3b895336381057019f50238225d
target/classes/static/assets/s2-3-CLlwWR3g.png,718282e7eac5d62777411005f242b116ac68f041
target/classes/static/assets/s2-4-DyPG6Xfw.png,c95981b8703c39e77bd5dc03a83b925497ab6e89
target/classes/static/assets/s3-0-BRnXNJun.png,61382b5baf2ad35c83f1ca9cd90e7825b638041c
target/classes/static/assets/s3-1-DxkM05of.png,fc85ae0d2f922baf666b0c1019bf553236452630
target/classes/static/assets/s3-2-7X2BvHa3.png,9480453acd34a46b781e2b2e3fd20cf296901314
target/classes/static/assets/s3-3-CFvmUnXD.png,3e07bf3bea311946b48d4467c0ab75861f33cb59
target/classes/static/assets/s3-4-BsY1YgmN.png,a23a7428b99eed2e22d008f7488cfb92676e30a4
target/classes/static/assets/s3-5-BgVSfXRC.png,8b70a13ac30d82cc894931986ddaf2d6ba49a05a
target/classes/static/assets/settings-BK85iKQK.js,22ac025870e53725b66e4fbf33a7a7458c0d8671
target/classes/static/assets/todo-CefwMWc7.css,f4e2869123d1e2f18050ff2b5f59e27f2e856c8d
target/classes/static/assets/todo-V13Zvo6R.js,e09b7952ae3b1f498a6d4f9d6f51568ef3e86be6
target/classes/static/assets/user-management-CsN79xpS.js,11ad6b4155eace72554e360eb3603ca24c7d265b
target/classes/static/assets/user-management-edit-ozpubbi7.js,a8ae76e2eb35347508f3d76823bbdf3cb268eb70
target/classes/static/assets/user-management-view-CRGu31rF.js,2303533b82cd396bb63ebe35db32f1dd2eea796e
target/classes/static/assets/user-management.service-BI5UKYeA.js,331904eadf2cc3af11537f138853ac25b588eabc
target/classes/static/assets/zh-cn-BIWeASbd.js,ab5919d79d107db8dd5cbc370c6ab99544bf16dd
target/classes/static/index.html,7cdf6aa20171cd6c5a0949bebdb767db495c98af
target/classes/static/swagger-ui/absolute-path.js,27e42f7871bbac388e15d373642643a9c0ce2be3
target/classes/static/swagger-ui/axios.min.js,51ebed891d546fa572890d7630f230dc1ad082f2
target/classes/static/swagger-ui/favicon-16x16.png,3ff0a4d0a54de5e744a382349822165a6b6994ed
target/classes/static/swagger-ui/favicon-32x32.png,8ca50b59019f7f17c65b77ea4f90a1b1a46ac0b6
target/classes/static/swagger-ui/index.css,71586906338f69420aa4cf1d3494fee8c533f11a
target/classes/static/swagger-ui/index.html,d039fd84b633ab0627442cc1714df25cd29588bc
target/classes/static/swagger-ui/index.js,188642650e853f572a8c7191ba21bf1d5e1b3e5b
target/classes/static/swagger-ui/oauth2-redirect.html,e1d0985cc80073d9ad24ed54e1350902b1b4651c
target/classes/static/swagger-ui/swagger-initializer.js,c434dd8fbfa625a10351681d3037ee79d5682207
target/classes/static/swagger-ui/swagger-ui-bundle.js,36af3f79010ac51754bbfa35e86f73b28521e559
target/classes/static/swagger-ui/swagger-ui-es-bundle-core.js,b7592ebdff721dd9e4395b602fe5302aa8900355
target/classes/static/swagger-ui/swagger-ui-es-bundle.js,47717c193b2c8be0538f7f63c4ddccc9da6e75ad
target/classes/static/swagger-ui/swagger-ui-standalone-preset.js,c3073b573e55925510e2e6e6a1e2a564a2bc8558
target/classes/static/swagger-ui/swagger-ui.css,aadf0abdeb2a499bf040697f50024d997d984191
target/classes/static/swagger-ui/swagger-ui.js,8b0335d5bade188456d36cefad9b22976b907d90
tsconfig.app.json,f18df8c00e3653a0e90e04938b9fe1b135ab1a2f
tsconfig.json,e1c4fdc894d06975ae795035148be1a7988582f7
